                  epoch,         train/box_loss,         train/cls_loss,         train/dfl_loss,   metrics/precision(B),      metrics/recall(B),       metrics/mAP50(B),    metrics/mAP50-95(B),           val/box_loss,           val/cls_loss,           val/dfl_loss,                 lr/pg0,                 lr/pg1,                 lr/pg2
                      1,                 2.4996,                   5.73,                 2.6253,                0.00112,                0.54167,                  0.013,                0.00134,                 2.7087,                 6.6619,                 3.0471,                2.5e-05,                2.5e-05,                2.5e-05
                      2,                 2.2855,                 5.7301,                 2.3045,                0.00112,                0.54167,                0.00574,                0.00099,                 2.7615,                 7.1105,                 3.0053,             5.0125e-05,             5.0125e-05,             5.0125e-05
                      3,                 2.2047,                 4.9233,                  2.278,                0.00062,                  0.375,                0.00235,                0.00056,                 2.4362,                 6.7757,                 2.7825,               6.04e-05,               6.04e-05,               6.04e-05
                      4,                 2.1254,                 4.9194,                 2.2173,                0.00093,                0.45833,                0.00696,                 0.0012,                 2.3302,                 6.4752,                 2.7146,             5.5825e-05,             5.5825e-05,             5.5825e-05
                      5,                  1.924,                  4.633,                 2.0455,                0.00096,                0.45833,                0.01288,                0.00247,                 2.2468,                 6.3356,                 2.6204,               3.64e-05,               3.64e-05,               3.64e-05
